TimeStamp,"Symbol","Price","Change from the Close","Volume Today","Earnings Date"
2026-09-22 23:59:48,"VKTX","41.66","38.359349","1626.7733","26.25"
2026-09-22 23:59:48,"CLDX","33.77","-10.873581","1288.4644",""
2026-09-22 23:59:48,"CMPX","1.23","-32.417582","822.14093",""
2026-09-22 23:59:48,"DBRG","15.98","0.37688442","616.87032","27.25"
2026-09-22 23:59:48,"INOD","72.4","18.591319","526.21957","32.25"
2026-09-22 23:59:48,"BFLY","9.8923","21.527027","438.01322","27.25"
2026-09-22 23:59:48,"MNKD","3.3615","-3.9571429","433.23271",""
2026-09-22 23:59:48,"ONON","29.5077","8.0076867","412.42275",""
2026-09-22 23:59:48,"RCL","237.25","-5.1948052","372.51551","30.25"
2026-09-22 23:59:48,"PLNT","42.62","-9.4155154","357.08031",""
2026-09-22 23:59:48,"SGRY","15.7","14.934114","357.02638",""
2026-09-22 23:59:48,"PRTH","7.82","0.25641026","356.65746","32.25"
2026-09-22 23:59:48,"CHRS","1.31","-4.379562","355.28964","34.25"
2026-09-22 23:59:48,"QNST","15.58","-9.7334878","331.27938","31.25"
2026-09-22 23:59:48,"GLND","2.45","-14.930556","330.14174",""
2026-09-22 23:59:48,"LXEO","4.07","-0.24509804","322.30647",""
2026-09-22 23:59:48,"SRAD","13.65","8.8516746","304.44306",""
2026-09-22 23:59:48,"EXPE","277.15","-1.3771223","288.12478","27.25"
2026-09-22 23:59:48,"BB","8.72","2.2274326","287.94522","2.75"
2026-09-22 23:59:48,"NKTR","61.45","-8.0640335","287.4999",""
2026-09-22 23:59:48,"STEX","0.8272","14.936779","286.00256",""
2026-09-22 23:59:48,"ALL","229.3","-5.583464","271.39321","31.75"
2026-09-22 23:59:48,"MANE","119.85","6.25","271.24829",""
2026-09-22 23:59:48,"TARA","3.68","4.8433048","270.2928","27.25"
2026-09-22 23:59:48,"DNA","9.36","17.293233","268.82761",""
2026-09-22 23:59:48,"CTKB","5.78","9.469697","266.42328",""
2026-09-22 23:59:48,"CGC","0.9767","5.7263477","265.55958","33.25"
2026-09-22 23:59:48,"NYT","65.6736","-6.8855806","262.07671",""
2026-09-22 23:59:48,"BRSL","10.48","1.9455253","261.16182","35.25"
2026-09-22 23:59:48,"WBD","30.8","0","259.31291",""
2026-09-22 23:59:48,"RYDE","0.7271","5.6370769","258.19967",""
2026-09-22 23:59:48,"ABUS","5","0","257.83568",""
2026-09-22 23:59:48,"DGX","235.1","-3.9937948","253.53858","25.25"
2026-09-22 23:59:48,"NNBR","3.7343","11.471642","253.06153","31.25"
2026-09-22 23:59:48,"OMER","21.02","13.683072","247.06317",""
2026-09-22 23:59:48,"CERS","2.65","3.515625","243.20987","27.25"
2026-09-22 23:59:48,"JELD","1.86","8.7719298","242.83735","34.25"
2026-09-22 23:59:48,"GRAB","3.19","9.6219931","240.66546",""
2026-09-22 23:59:48,"DH","0.89","-1.1111111","240.55654",""
2026-09-22 23:59:48,"SOFI","17.22","1.473188","240.44102","30.25"
2026-09-22 23:59:48,"SHOP","147.6","7.0185615","239.67835","22.25"
2026-09-22 23:59:48,"SPNT","25.48","1.231625","232.79448","31.25"
2026-09-22 23:59:48,"TNGX","25.6838","15.019257","232.57631",""
2026-09-22 23:59:48,"VICR","269","20.142924","229.6462","25.25"
2026-09-22 23:59:48,"BLZE","14.4276","6.0852941","228.45682","36.25"
2026-09-22 23:59:48,"PYPL","53.1598","1.0258457","228.424","25.25"
2026-09-22 23:59:48,"SFIX","3.0509","7.0491228","227.43621","1.75"
2026-09-22 23:59:48,"BSP","36.58","-5.7459418","223.91711",""
2026-09-22 23:59:48,"DBX","33.85","-5.9983338","222.41302","27.25"
2026-09-22 23:59:48,"VGZ","2.7678","1.0145985","220.95682","26.25"
2026-09-22 23:59:48,"GRAL","108","0.027785496","219.12481",""
2026-09-22 23:59:48,"NEO","19.9167","2.61051","219.03424","35.25"
2026-09-22 23:59:48,"BHF","52.25","4.8354735","218.9497",""
2026-09-22 23:59:48,"ABSI","10.801","9.9898167","217.22069",""
2026-09-22 23:59:48,"DC","6.9591","9.7649842","215.63305",""
2026-09-22 23:59:48,"FSLY","26.02","-5.1057622","215.4577","31.25"
2026-09-22 23:59:48,"FIVN","38.6048","4.3091056","213.84766",""
2026-09-22 23:59:48,"ALGM","36.29","2.2253521","212.12003","27.25"
2026-09-22 23:59:48,"OVID","2.84","4.797048","212.09422",""
2026-09-22 23:59:48,"VIK","82","-4.706566","210.71929",""
2026-09-22 23:59:48,"MNOV","2.88","-12.727273","210.36455",""
2026-09-22 23:59:48,"PCAR","114.06","-0.58397978","209.76537","25.25"
2026-09-22 23:59:48,"IAUX","1.868","7.3563218","208.9122",""
2026-09-22 23:59:48,"MKSI","261.5","1.7826508","206.23723","31.25"
2026-09-22 23:59:48,"SCHW","100.64","-5.8383234","206.18979","17.25"
2026-09-22 23:59:48,"DKNG","21.84","-0.59171598","203.37961","28.25"
2026-09-22 23:59:48,"ECO","77.15","-6.6319739","203.25233",""
2026-09-22 23:59:48,"SUIG","1.549","6.0958904","203.24868",""
2026-09-22 23:59:48,"TWLO","285.71","7.3855531","202.2519","27.25"
2026-09-22 23:59:48,"PTON","5.06","2.2222222","201.90297","27.25"
2026-09-22 23:59:48,"CCL","22.37","0.2689377","201.70502","5.25"
2026-09-22 23:59:48,"AUGO","94","5.4402692","201.55051","32.25"
2026-09-22 23:59:48,"EYE","16.55","0.60790274","201.33212",""
2026-09-22 23:59:48,"HLLY","2.67","6.8","201.20421",""
2026-09-22 23:59:48,"PGR","206.84","-2.544292","200.7385","12.25"
2026-09-22 23:59:48,"RXRX","4.07","2.5188917","200.34771",""
2026-09-22 23:59:48,"CARG","31.94","-3.70817","200.01177",""
2026-09-22 23:59:48,"DLO","14.21","-0.69881202","198.82771",""
2026-09-22 23:59:48,"TVTX","60.28","-4.1043589","198.06318","22.25"
2026-09-22 23:59:48,"ABVX","98.51","-4.7752537","197.21048","-0.25"
2026-09-22 23:59:48,"CATX","3.01","1.3468013","196.64441",""
2026-09-22 23:59:48,"FWONK","94.62","-1.8770092","196.45636","28.25"
2026-09-22 23:59:48,"HIMS","30.46","3.7819421","195.30967",""
2026-09-22 23:59:48,"AES","14.8","-0.20229265","194.46608","27.25"
2026-09-22 23:59:48,"STT","179.5","-2.6572636","194.06083","16.25"
2026-09-22 23:59:48,"CX","10.23","2.0958084","193.44981","24.25"
2026-09-22 23:59:48,"VOR","22","0.50251256","192.68569",""
2026-09-22 23:59:48,"CRML","8.47","-9.2175777","191.93047",""
2026-09-22 23:59:48,"NUAI","6.92","-9.5424837","190.19292",""
2026-09-22 23:59:48,"LTH","38.0816","-4.5813079","189.70311","22.25"
2026-09-22 23:59:48,"CSCO","106.3841","-4.5540104","189.06542",""
2026-09-22 23:59:48,"TRP","59.78","-1.1574074","188.78996","36.25"
2026-09-22 23:59:48,"NEXT","6.8452","-2.4900285","187.28859",""
2026-09-22 23:59:48,"KBH","47.85","-0.020894275","187.24587","0.75"
2026-09-22 23:59:48,"GEN","27.05","-7.2041166","186.31418",""
2026-09-22 23:59:48,"VLO","377.25","-4.0735346","183.6672","22.25"
2026-09-22 23:59:48,"MRNA","182.3292","5.4291647","183.62828","27.25"
2026-09-22 23:59:48,"IBRX","9.2899","9.939645","182.73155","32.25"
2026-09-22 23:59:48,"UBS","49.24","-3.564434","182.45152","26.25"
2026-09-22 23:59:48,"MGTX","12.35","-5.5810398","181.33962",""
